Rotor Tip Velocities,,,,
,Cw1_t,C1_t,Vw1_t,V1_t
1,0,227.5,355.3,421.8937544
2,24.20280436,228.7837969,331.0971956,401.7232915
3,65.96980839,236.8718337,289.3301916,368.0600627
4,61.15927545,235.5773906,294.1407245,371.8534871
5,61.15927545,235.5773906,294.1407245,371.8534871
6,61.15927545,235.5773906,294.1407245,371.8534871
7,61.15927545,235.5773906,294.1407245,371.8534871
8,68.93141222,237.7136714,286.3685878,365.7365419
