Mean Flow Velocities,,,,
,Cw1_m,C1_m,Vw1_m,V1_m
1,0,227.5,284.24,364.0722835
2,30.27744053,229.5059333,253.7378605,340.791948
3,82.52750058,242.0062775,201.4878005,303.8973243
4,76.50957709,240.0207603,207.505724,307.9202421
5,76.50957709,240.0207603,207.505724,307.9202421
6,76.50957709,240.0207603,207.505724,307.9202421
7,76.50957709,240.0207603,207.505724,307.9202421
8,86.23243421,243.2946418,197.7828668,301.4536654
