Root Flow Velocities,,,,
,Cw1_r,C1_r,Vw1_r,V1_r
1,0,227.5,213.18,311.7722925
2,40.42322216,231.0633828,172.3073799,285.3876016
3,110.1819517,252.7771993,102.5486504,249.5445365
4,102.1474595,249.379938,110.5831425,252.9523303
5,102.1474595,249.379938,110.5831425,252.9523303
6,102.1474595,249.379938,110.5831425,252.9523303
7,102.1474595,249.379938,110.5831425,252.9523303
8,115.1283855,254.9721458,97.60221659,247.5529089
